СокращенноеНаименование;ПолноеНаименование;Специализация;ПрофильныйПредмет;ФормаОбучения;УровеньПодготовки;ОснованиеПоступления;ОсобенностиПриема;Факультет;КоличествоМест;Зачислено
АТП_заочн_бюдж;15.03.04. Автоматизация технологических процессов и производств;<NULL>;Физика;Заочная;Академический бакалавр;Бюджетная основа;Общие места;Учебно-научный технологический институт;18;0
АТП_заочн_льгот;15.03.04. Автоматизация технологических процессов и производств;<NULL>;Физика;Заочная;Академический бакалавр;Бюджетная основа;Общие места;Учебно-научный технологический институт;2;0
АТП_заочн_плат;15.03.04. Автоматизация технологических процессов и производств;<NULL>;Физика;Заочная;Академический бакалавр;Полное возмещение затрат;Общие места;Учебно-научный технологический институт;15;0
АТП_очн_бюдж;15.03.04. Автоматизация технологических процессов и производств;<NULL>;Физика;Очная;Академический бакалавр;Бюджетная основа;Общие места;Учебно-научный технологический институт;14;14
АТП_очн_льгот;15.03.04. Автоматизация технологических процессов и производств;<NULL>;Физика;Очная;Академический бакалавр;Бюджетная основа;Общие места;Учебно-научный технологический институт;0;0
АТП_очн_плат;15.03.04. Автоматизация технологических процессов и производств;<NULL>;Физика;Очная;Академический бакалавр;Полное возмещение затрат;Общие места;Учебно-научный технологический институт;5;0
АТП_очн_целевое;15.03.04. Автоматизация технологических процессов и производств;<NULL>;Физика;Очная;Академический бакалавр;Целевой прием;Целевые места;Учебно-научный технологический институт;5;5
АТПиП мг веч платн;15.04.04. Автоматизация технологических процессов и производств;<NULL>;Физика;Очно-заочная;Магистр;Полное возмещение затрат;Общие места;Учебно-научный технологический институт;7;0
АТПиП мг очн бюдж;15.04.04. Автоматизация технологических процессов и производств;<NULL>;Физика;Очная;Магистр;Бюджетная основа;Общие места;Учебно-научный технологический институт;9;9
БИ_заочн_плат;38.03.05. Бизнес-информатика;Электронный бизнес;Обществознание;Заочная;Академический бакалавр;Полное возмещение затрат;Общие места;Факультет экономики и управления;30;0
БИ_очн_плат;38.03.05. Бизнес-информатика;Электронный бизнес;Обществознание;Очная;Академический бакалавр;Полное возмещение затрат;Общие места;Факультет экономики и управления;20;0
ИАСБ_очн_бюдж;10.05.04. Информационно-аналитические системы безопасности;Автоматизация информационно-аналитической деятельности;Информатика и ИКТ;Очная;Специалист;Бюджетная основа;Общие места;Факультет информационных технологий;20;20
ИАСБ_очн_льгот;10.05.04. Информационно-аналитические системы безопасности;Автоматизация информационно-аналитической деятельности;Информатика и ИКТ;Очная;Специалист;Бюджетная основа;Общие места;Факультет информационных технологий;2;2
ИАСБ_очн_плат;10.05.04. Информационно-аналитические системы безопасности;Автоматизация информационно-аналитической деятельности;Информатика и ИКТ;Очная;Специалист;Полное возмещение затрат;Общие места;Факультет информационных технологий;3;0
ИБ мг веч платн;10.04.01. Информационная безопасность;Организация и технология защиты информации;Информатика и ИКТ;Очно-заочная;Магистр;Полное возмещение затрат;Общие места;Факультет информационных технологий;10;0
ИБ мг очн платн;10.04.01. Информационная безопасность;Организация и технология защиты информации;Информатика и ИКТ;Очная;Магистр;Полное возмещение затрат;Общие места;Факультет информационных технологий;5;0
ИБ_веч_платн;10.03.01. Информационная безопасность;Организация и технология защиты информации (по отрасли или в сфере профессиональной деятельности);Информатика и ИКТ;Очно-заочная;Академический бакалавр;Полное возмещение затрат;Общие места;Факультет информационных технологий;20;0
ИБ_очн_бюдж;10.03.01. Информационная безопасность;Организация и технология защиты информации (по отрасли или в сфере профессиональной деятельности);Информатика и ИКТ;Очная;Академический бакалавр;Бюджетная основа;Общие места;Факультет информационных технологий;20;20
ИБ_очн_льгот;10.03.01. Информационная безопасность;Организация и технология защиты информации (по отрасли или в сфере профессиональной деятельности);Информатика и ИКТ;Очная;Академический бакалавр;Бюджетная основа;Общие места;Факультет информационных технологий;2;2
ИБ_очн_плат;10.03.01. Информационная безопасность;Организация и технология защиты информации (по отрасли или в сфере профессиональной деятельности);Информатика и ИКТ;Очная;Академический бакалавр;Полное возмещение затрат;Общие места;Факультет информационных технологий;3;0
ИБАС_очн_бюдж;10.05.03. Информационная безопасность автоматизированных систем;Безопасность открытых информационных систем;Информатика и ИКТ;Очная;Специалист;Бюджетная основа;Общие места;Факультет информационных технологий;25;25
ИБАС_очн_льгот;10.05.03. Информационная безопасность автоматизированных систем;Безопасность открытых информационных систем;Информатика и ИКТ;Очная;Специалист;Бюджетная основа;Общие места;Факультет информационных технологий;0;0
ИБАС_очн_плат;10.05.03. Информационная безопасность автоматизированных систем;Безопасность открытых информационных систем;Информатика и ИКТ;Очная;Специалист;Полное возмещение затрат;Общие места;Факультет информационных технологий;5;0
ИиВТ(ПО) мг заочн платн;09.04.01. Информатика и вычислительная техника;Информационное и программное обеспечение вычислительных систем;Информатика и ИКТ;Заочная;Магистр;Полное возмещение затрат;Общие места;Факультет информационных технологий;10;0
ИиВТ(ПО) мг очн бюдж;09.04.01. Информатика и вычислительная техника;Информационное и программное обеспечение вычислительных систем, Компьютерный анализ и интерпретация данных;Информатика и ИКТ;Очная;Магистр;Бюджетная основа;Общие места;Факультет информационных технологий;15;15
ИиВТ(ПО) мг очн платн;09.04.01. Информатика и вычислительная техника;Информационное и программное обеспечение вычислительных систем, Компьютерный анализ и интерпретация данных;Информатика и ИКТ;Очная;Магистр;Полное возмещение затрат;Общие места;Факультет информационных технологий;3;0
ИиВТ(ПО)_заочн_плат;09.03.01. Информатика и вычислительная техника;Программное обеспечение вычислительной техники и автоматизированных систем;Информатика и ИКТ;Заочная;Академический бакалавр;Полное возмещение затрат;Общие места;Факультет информационных технологий;40;0
ИиВТ(ПО)_очн_бюдж;09.03.01. Информатика и вычислительная техника;Программное обеспечение вычислительной техники и автоматизированных систем;Информатика и ИКТ;Очная;Академический бакалавр;Бюджетная основа;Общие места;Факультет информационных технологий;37;37
ИиВТ(ПО)_очн_льгот;09.03.01. Информатика и вычислительная техника;Программное обеспечение вычислительной техники и автоматизированных систем;Информатика и ИКТ;Очная;Академический бакалавр;Бюджетная основа;Общие места;Факультет информационных технологий;1;1
ИиВТ(ПО)_очн_плат;09.03.01. Информатика и вычислительная техника;Программное обеспечение вычислительной техники и автоматизированных систем;Информатика и ИКТ;Очная;Академический бакалавр;Полное возмещение затрат;Общие места;Факультет информационных технологий;2;0
ИиВТ(ПО)_очн_целевое;09.03.01. Информатика и вычислительная техника;Программное обеспечение вычислительной техники и автоматизированных систем;Информатика и ИКТ;Очная;Академический бакалавр;Целевой прием;Целевые места;Факультет информационных технологий;2;2
ИиВТ(САПР) мг заочн платн;09.04.01. Информатика и вычислительная техника;Системы автоматизированного проектирования и информационной поддержки жизненного цикла промышленных изделий;Информатика и ИКТ;Заочная;Магистр;Полное возмещение затрат;Общие места;Факультет информационных технологий;5;0
ИиВТ(САПР) мг очн бюдж;09.04.01. Информатика и вычислительная техника;Системы автоматизированного проектирования и информационной поддержки жизненного цикла промышленных изделий;Информатика и ИКТ;Очная;Магистр;Бюджетная основа;Общие места;Факультет информационных технологий;6;6
ИиВТ(САПР) мг очн платн;09.04.01. Информатика и вычислительная техника;Системы автоматизированного проектирования и информационной поддержки жизненного цикла промышленных изделий;Информатика и ИКТ;Очная;Магистр;Полное возмещение затрат;Общие места;Факультет информационных технологий;2;0
ИиВТ(САПР)_очн_бюдж;09.03.01. Информатика и вычислительная техника;Системы автоматизированного проектирования;Информатика и ИКТ;Очная;Академический бакалавр;Бюджетная основа;Общие места;Факультет информационных технологий;16;16
ИиВТ(САПР)_очн_льгот;09.03.01. Информатика и вычислительная техника;Системы автоматизированного проектирования;Информатика и ИКТ;Очная;Академический бакалавр;Бюджетная основа;Общие места;Факультет информационных технологий;0;0
ИиВТ(САПР)_очн_плат;09.03.01. Информатика и вычислительная техника;Системы автоматизированного проектирования;Информатика и ИКТ;Очная;Академический бакалавр;Полное возмещение затрат;Общие места;Факультет информационных технологий;2;0
ИиВТ(ТРПС) мг заочн платн;09.04.01. Информатика и вычислительная техника;Технология разработки программных систем;Информатика и ИКТ;Заочная;Магистр;Полное возмещение затрат;Общие места;Факультет информационных технологий;10;0
ИНН(СМИ) мг веч платн;27.04.05. Инноватика;Стратегия и менеджмент инноваций;Физика;Очно-заочная;Магистр;Полное возмещение затрат;Общие места;Факультет экономики и управления;15;0
ИНН(СМИ) мг очн бюдж;27.04.05. Инноватика;Стратегия и менеджмент инноваций;Физика;Очная;Магистр;Бюджетная основа;Общие места;Факультет экономики и управления;4;4
ИНН(СМИ) мг очн платн;27.04.05. Инноватика;Стратегия и менеджмент инноваций;Физика;Очная;Магистр;Полное возмещение затрат;Общие места;Факультет экономики и управления;6;0
ИНН(УИПр) мг заочн платн;27.04.05. Инноватика;Управление инновационными процессами;Физика;Заочная;Магистр;Полное возмещение затрат;Общие места;Факультет информационных технологий;10;0
ИНН(УИПр) мг очн бюдж;27.04.05. Инноватика;Управление инновационными процессами;Физика;Очная;Магистр;Бюджетная основа;Общие места;Факультет информационных технологий;12;12
ИНН(УИПр) мг очн платн;27.04.05. Инноватика;Управление инновационными процессами;Физика;Очная;Магистр;Полное возмещение затрат;Общие места;Факультет информационных технологий;8;0
ИНН_заочн_плат;27.03.05. Инноватика;Проектное управление в инновационной сфере;Информатика и ИКТ;Заочная;Академический бакалавр;Полное возмещение затрат;Общие места;Факультет информационных технологий;15;0
ИНН_очн_бюдж;27.03.05. Инноватика;Проектное управление в инновационной сфере;Информатика и ИКТ;Очная;Академический бакалавр;Бюджетная основа;Общие места;Факультет информационных технологий;8;8
ИНН_очн_льгот;27.03.05. Инноватика;Проектное управление в инновационной сфере;Информатика и ИКТ;Очная;Академический бакалавр;Бюджетная основа;Общие места;Факультет информационных технологий;0;0
ИНН_очн_плат;27.03.05. Инноватика;Проектное управление в инновационной сфере;Информатика и ИКТ;Очная;Академический бакалавр;Полное возмещение затрат;Общие места;Факультет информационных технологий;7;0
ИСТ мг заочн платн;09.04.02. Информационные системы и технологии;Информационные системы и технологии в науке, промышленности и образовании;Информатика и ИКТ;Заочная;Магистр;Полное возмещение затрат;Общие места;Факультет информационных технологий;15;0
ИСТ мг очн бюдж;09.04.02. Информационные системы и технологии;Информационные системы и технологии в науке, промышленности и образовании;Информатика и ИКТ;Очная;Магистр;Бюджетная основа;Общие места;Факультет информационных технологий;11;11
ИСТ мг очн платн;09.04.02. Информационные системы и технологии;Информационные системы и технологии в науке, промышленности и образовании;Информатика и ИКТ;Очная;Магистр;Полное возмещение затрат;Общие места;Факультет информационных технологий;4;0
ИСТ(ИСиТД)_очн_бюдж;09.03.02. Информационные системы и технологии;Информационные системы и технологии в дизайне;Информатика и ИКТ;Очная;Академический бакалавр;Бюджетная основа;Общие места;Факультет информационных технологий;13;13
ИСТ(ИСиТД)_очн_льгот;09.03.02. Информационные системы и технологии;Информационные системы и технологии в дизайне;Информатика и ИКТ;Очная;Академический бакалавр;Бюджетная основа;Общие места;Факультет информационных технологий;2;2
ИСТ(ИСиТД)_очн_плат;09.03.02. Информационные системы и технологии;Информационные системы и технологии в дизайне;Информатика и ИКТ;Очная;Академический бакалавр;Полное возмещение затрат;Общие места;Факультет информационных технологий;5;0
ИСТ(ИТиПК)_очн_бюдж;09.03.02. Информационные системы и технологии;Информационные технологии и программные комплексы;Информатика и ИКТ;Очная;Академический бакалавр;Бюджетная основа;Общие места;Факультет информационных технологий;15;15
ИСТ(ИТиПК)_очн_льгот;09.03.02. Информационные системы и технологии;Информационные технологии и программные комплексы;Информатика и ИКТ;Очная;Академический бакалавр;Бюджетная основа;Общие места;Факультет информационных технологий;2;2
ИСТ(ИТиПК)_очн_плат;09.03.02. Информационные системы и технологии;Информационные технологии и программные комплексы;Информатика и ИКТ;Очная;Академический бакалавр;Полное возмещение затрат;Общие места;Факультет информационных технологий;3;0
ИСТ_заочн_плат;09.03.02. Информационные системы и технологии;Информационные технологии и программные комплексы;Информатика и ИКТ;Заочная;Академический бакалавр;Полное возмещение затрат;Общие места;Факультет информационных технологий;40;0
КТО(АТиКМ)_очн_бюдж;15.03.05. Конструкторско-технологическое обеспечение машиностроительных производств;Аддитивные технологии и компьютерное моделирование;Физика;Очная;Академический бакалавр;Бюджетная основа;Общие места;Учебно-научный технологический институт;9;9
КТО(АТиКМ)_очн_льгот;15.03.05. Конструкторско-технологическое обеспечение машиностроительных производств;Аддитивные технологии и компьютерное моделирование;Физика;Очная;Академический бакалавр;Бюджетная основа;Общие места;Учебно-научный технологический институт;1;1
КТО(АТиКМ)_очн_плат;15.03.05. Конструкторско-технологическое обеспечение машиностроительных производств;Аддитивные технологии и компьютерное моделирование;Физика;Очная;Академический бакалавр;Полное возмещение затрат;Общие места;Учебно-научный технологический институт;5;0
КТО(ТМ) мг веч бюдж;15.04.05. Конструкторско-технологическое обеспечение машиностроительных производств;Технология машиностроения;Физика;Очно-заочная;Магистр;Бюджетная основа;Общие места;Учебно-научный технологический институт;10;0
КТО(ТМ) мг веч платн;15.04.05. Конструкторско-технологическое обеспечение машиностроительных производств;Технология машиностроения;Физика;Очно-заочная;Магистр;Полное возмещение затрат;Общие места;Учебно-научный технологический институт;5;0
КТО(ТМ) мг заочн платн;15.04.05. Конструкторско-технологическое обеспечение машиностроительных производств;Технология машиностроения;Физика;Заочная;Магистр;Полное возмещение затрат;Общие места;Учебно-научный технологический институт;10;0
КТО(ТМ) мг очн бюдж;15.04.05. Конструкторско-технологическое обеспечение машиностроительных производств;Технология машиностроения;Физика;Очная;Магистр;Бюджетная основа;Общие места;Учебно-научный технологический институт;10;10
КТО(ТМ) мг очн платн;15.04.05. Конструкторско-технологическое обеспечение машиностроительных производств;Технология машиностроения;Физика;Очная;Магистр;Полное возмещение затрат;Общие места;Учебно-научный технологический институт;5;0
КТО(ТМ)_очн_бюдж;15.03.05. Конструкторско-технологическое обеспечение машиностроительных производств;Технология машиностроения;Физика;Очная;Академический бакалавр;Бюджетная основа;Общие места;Учебно-научный технологический институт;11;11
КТО(ТМ)_очн_льгот;15.03.05. Конструкторско-технологическое обеспечение машиностроительных производств;Технология машиностроения;Физика;Очная;Академический бакалавр;Бюджетная основа;Общие места;Учебно-научный технологический институт;0;0
КТО(ТМ)_очн_плат;15.03.05. Конструкторско-технологическое обеспечение машиностроительных производств;Технология машиностроения;Физика;Очная;Академический бакалавр;Полное возмещение затрат;Общие места;Учебно-научный технологический институт;6;0
КТО(ТМ)_очн_целевое;15.03.05. Конструкторско-технологическое обеспечение машиностроительных производств;Технология машиностроения;Физика;Очная;Академический бакалавр;Целевой прием;Целевые места;Учебно-научный технологический институт;3;3
КТО_веч_бюдж;15.03.05. Конструкторско-технологическое обеспечение машиностроительных производств;Технология машиностроения;Физика;Очно-заочная;Академический бакалавр;Бюджетная основа;Общие места;Учебно-научный технологический институт;19;19
КТО_веч_льгот;15.03.05. Конструкторско-технологическое обеспечение машиностроительных производств;Технология машиностроения;Физика;Очно-заочная;Академический бакалавр;Бюджетная основа;Общие места;Учебно-научный технологический институт;1;1
КТО_веч_плат;15.03.05. Конструкторско-технологическое обеспечение машиностроительных производств;Технология машиностроения;Физика;Очно-заочная;Академический бакалавр;Полное возмещение затрат;Общие места;Учебно-научный технологический институт;10;0
МАШ мг заочн платн;15.04.01. Машиностроение;Современные технологии и оборудование литейного и сварочного производства;Физика;Заочная;Магистр;Полное возмещение затрат;Общие места;Механико-технологический факультет;5;0
МАШ мг очн бюдж;15.04.01. Машиностроение;Современные технологии и оборудование литейного и сварочного производства;Физика;Очная;Магистр;Бюджетная основа;Общие места;Механико-технологический факультет;9;9
МАШ мг очн платн;15.04.01. Машиностроение;Современные технологии и оборудование литейного и сварочного производства;Физика;Очная;Магистр;Полное возмещение затрат;Общие места;Механико-технологический факультет;6;0
МАШ(ИМ)_заочн_бюдж;15.03.01. Машиностроение;Инженерия и реновация машин;Физика;Заочная;Прикладной бакалавр;Бюджетная основа;Общие места;Механико-технологический факультет;9;0
МАШ(ИМ)_заочн_льгот;15.03.01. Машиностроение;Инженерия и реновация машин;Физика;Заочная;Прикладной бакалавр;Бюджетная основа;Общие места;Механико-технологический факультет;1;0
МАШ(ИМ)_заочн_плат;15.03.01. Машиностроение;Инженерия и реновация машин;Физика;Заочная;Прикладной бакалавр;Полное возмещение затрат;Общие места;Механико-технологический факультет;5;0
МАШ(ИМ)_очн_бюдж;15.03.01. Машиностроение;Инженерия и реновация машин;Физика;Очная;Прикладной бакалавр;Бюджетная основа;Общие места;Механико-технологический факультет;12;12
МАШ(ИМ)_очн_льгот;15.03.01. Машиностроение;Инженерия и реновация машин;Физика;Очная;Прикладной бакалавр;Бюджетная основа;Общие места;Механико-технологический факультет;0;0
МАШ(ИМ)_очн_плат;15.03.01. Машиностроение;Инженерия и реновация машин;Физика;Очная;Прикладной бакалавр;Полное возмещение затрат;Общие места;Механико-технологический факультет;5;0
МАШ(Л)_заочн_бюдж;15.03.01. Машиностроение;Прогрессивные технологии литья;Физика;Заочная;Академический бакалавр;Бюджетная основа;Общие места;Механико-технологический факультет;13;0
МАШ(Л)_заочн_льгот;15.03.01. Машиностроение;Прогрессивные технологии литья;Физика;Заочная;Академический бакалавр;Бюджетная основа;Общие места;Механико-технологический факультет;2;0
МАШ(Л)_заочн_плат;15.03.01. Машиностроение;Прогрессивные технологии литья;Физика;Заочная;Академический бакалавр;Полное возмещение затрат;Общие места;Механико-технологический факультет;5;0
МАШ(Л)_очн_бюдж;15.03.01. Машиностроение;Прогрессивные технологии литья;Физика;Очная;Академический бакалавр;Бюджетная основа;Общие места;Механико-технологический факультет;15;15
МАШ(Л)_очн_льгот;15.03.01. Машиностроение;Прогрессивные технологии литья;Физика;Очная;Академический бакалавр;Бюджетная основа;Общие места;Механико-технологический факультет;0;0
МАШ(Л)_очн_плат;15.03.01. Машиностроение;Прогрессивные технологии литья;Физика;Очная;Академический бакалавр;Полное возмещение затрат;Общие места;Механико-технологический факультет;3;0
МАШ(С)_заочн_бюдж;15.03.01. Машиностроение;Оборудование и технология сварочного производства;Физика;Заочная;Академический бакалавр;Бюджетная основа;Общие места;Механико-технологический факультет;22;0
МАШ(С)_заочн_льгот;15.03.01. Машиностроение;Оборудование и технология сварочного производства;Физика;Заочная;Академический бакалавр;Бюджетная основа;Общие места;Механико-технологический факультет;3;0
МАШ(С)_заочн_плат;15.03.01. Машиностроение;Оборудование и технология сварочного производства;Физика;Заочная;Академический бакалавр;Полное возмещение затрат;Общие места;Механико-технологический факультет;5;0
МАШ(С)_очн_бюдж;15.03.01. Машиностроение;Оборудование и технология сварочного производства;Физика;Очная;Академический бакалавр;Бюджетная основа;Общие места;Механико-технологический факультет;16;16
МАШ(С)_очн_льгот;15.03.01. Машиностроение;Оборудование и технология сварочного производства;Физика;Очная;Академический бакалавр;Бюджетная основа;Общие места;Механико-технологический факультет;0;0
МАШ(С)_очн_плат;15.03.01. Машиностроение;Оборудование и технология сварочного производства;Физика;Очная;Академический бакалавр;Полное возмещение затрат;Общие места;Механико-технологический факультет;2;0
МАШ(С)_очн_целевое;15.03.01. Машиностроение;Оборудование и технология сварочного производства;Физика;Очная;Академический бакалавр;Целевой прием;Общие места;Механико-технологический факультет;2;2
МАШ(ТМ)_заочн_бюдж;15.03.01. Машиностроение;Технология, оборудование и автоматизация машиностроительных производств;Физика;Заочная;Академический бакалавр;Бюджетная основа;Общие места;Учебно-научный технологический институт;27;0
МАШ(ТМ)_заочн_льгот;15.03.01. Машиностроение;Технология, оборудование и автоматизация машиностроительных производств;Физика;Заочная;Академический бакалавр;Бюджетная основа;Общие места;Учебно-научный технологический институт;3;0
МАШ(ТМ)_заочн_плат;15.03.01. Машиностроение;Технология, оборудование и автоматизация машиностроительных производств;Физика;Заочная;Академический бакалавр;Полное возмещение затрат;Общие места;Учебно-научный технологический институт;15;0
МиТМ_очн_бюдж;22.03.01. Материаловедение и технологии материалов;Компьютерное моделирование материалов и материаловедение;Физика;Очная;Академический бакалавр;Бюджетная основа;Общие места;Учебно-научный технологический институт;11;11
МиТМ_очн_льгот;22.03.01. Материаловедение и технологии материалов;Компьютерное моделирование материалов и материаловедение;Физика;Очная;Академический бакалавр;Бюджетная основа;Общие места;Учебно-научный технологический институт;0;0
МиТМ_очн_плат;22.03.01. Материаловедение и технологии материалов;Компьютерное моделирование материалов и материаловедение;Физика;Очная;Академический бакалавр;Полное возмещение затрат;Общие места;Учебно-научный технологический институт;5;0
МНТ(МРК)_очн_плат;38.03.02. Менеджмент;Маркетинг;Обществознание;Очная;Прикладной бакалавр;Полное возмещение затрат;Общие места;Факультет экономики и управления;20;0
МНТ(ЭУП)_заочн_плат;38.03.02. Менеджмент;Экономика и управление на предприятии;Обществознание;Заочная;Прикладной бакалавр;Полное возмещение затрат;Общие места;Факультет экономики и управления;65;0
МНТ(ЭУП)_очн_плат;38.03.02. Менеджмент;Экономика и управление на предприятии;Обществознание;Очная;Прикладной бакалавр;Полное возмещение затрат;Общие места;Факультет экономики и управления;20;0
МОА_очн_бюдж;02.03.03. Математическое обеспечение и администрирование информационных систем;Технология программирования;Информатика и ИКТ;Очная;Академический бакалавр;Бюджетная основа;Общие места;Факультет информационных технологий;10;10
МОА_очн_льгот;02.03.03. Математическое обеспечение и администрирование информационных систем;Технология программирования;Информатика и ИКТ;Очная;Академический бакалавр;Бюджетная основа;Общие места;Факультет информационных технологий;0;0
МОА_очн_плат;02.03.03. Математическое обеспечение и администрирование информационных систем;Технология программирования;Информатика и ИКТ;Очная;Академический бакалавр;Полное возмещение затрат;Общие места;Факультет информационных технологий;4;0
МОА_очн_целевое;02.03.03. Математическое обеспечение и администрирование информационных систем;Технология программирования;Информатика и ИКТ;Очная;Академический бакалавр;Целевой прием;Общие места;Факультет информационных технологий;1;1
МТМ(ИиРМ) мг очн бюдж;22.04.01. Материаловедение и технологии материалов;Инженерия и реновация машин;Физика;Очная;Магистр;Бюджетная основа;Общие места;Механико-технологический факультет;5;5
МТМ(ИиРМ) мг очн платн;22.04.01. Материаловедение и технологии материалов;Инженерия и реновация машин;Физика;Очная;Магистр;Полное возмещение затрат;Общие места;Механико-технологический факультет;5;0
МТМ(КМ) мг очн бюдж;22.04.01. Материаловедение и технологии материалов;Компьютеное моделирование материалов и материаловедение;Физика;Очная;Магистр;Бюджетная основа;Общие места;Учебно-научный технологический институт;5;5
МТМ(КМ) мг очн платн;22.04.01. Материаловедение и технологии материалов;Компьютеное моделирование материалов и материаловедение;Физика;Очная;Магистр;Полное возмещение затрат;Общие места;Учебно-научный технологический институт;5;0
МХТ_очн_бюдж;15.03.06. Мехатроника и робототехника;Мехатроника;Физика;Очная;Академический бакалавр;Бюджетная основа;Общие места;Учебно-научный технологический институт;16;16
МХТ_очн_льгот;15.03.06. Мехатроника и робототехника;Мехатроника;Физика;Очная;Академический бакалавр;Бюджетная основа;Общие места;Учебно-научный технологический институт;0;0
МХТ_очн_плат;15.03.06. Мехатроника и робототехника;Мехатроника;Физика;Очная;Академический бакалавр;Полное возмещение затрат;Общие места;Учебно-научный технологический институт;5;0
НТТК_заочн_бюдж;23.03.02. Наземные транспортно-технологические комплексы;Подъемно-транспортные, строительные, дорожные машины и оборудование;Физика;Заочная;Академический бакалавр;Бюджетная основа;Общие места;Учебно-научный институт транспорта;17;0
НТТК_заочн_льгот;23.03.02. Наземные транспортно-технологические комплексы;Подъемно-транспортные, строительные, дорожные машины и оборудование;Физика;Заочная;Академический бакалавр;Бюджетная основа;Общие места;Учебно-научный институт транспорта;2;0
НТТК_заочн_плат;23.03.02. Наземные транспортно-технологические комплексы;Подъемно-транспортные, строительные, дорожные машины и оборудование;Физика;Заочная;Академический бакалавр;Полное возмещение затрат;Общие места;Учебно-научный институт транспорта;5;0
НТТС_очн_бюдж;23.05.01. Наземные транспортно-технологические средства;Подъемно-транспортные, строительные дорожные средства и оборудование;Физика;Очная;Специалист;Бюджетная основа;Общие места;Учебно-научный институт транспорта;14;14
НТТС_очн_льгот;23.05.01. Наземные транспортно-технологические средства;Подъемно-транспортные, строительные дорожные средства и оборудование;Физика;Очная;Специалист;Бюджетная основа;Общие места;Учебно-научный институт транспорта;0;0
НТТС_очн_плат;23.05.01. Наземные транспортно-технологические средства;Подъемно-транспортные, строительные дорожные средства и оборудование;Физика;Очная;Специалист;Полное возмещение затрат;Общие места;Учебно-научный институт транспорта;6;0
ПИ мг заочн платн;09.04.03. Прикладная информатика;Реинжиниринг бизнес-процессов;Информатика и ИКТ;Заочная;Магистр;Полное возмещение затрат;Общие места;Факультет экономики и управления;10;0
ПИ мг очн бюдж;09.04.03. Прикладная информатика;Реинжиниринг бизнес-процессов;Информатика и ИКТ;Очная;Магистр;Бюджетная основа;Общие места;Факультет экономики и управления;10;10
ПИ мг очн платн;09.04.03. Прикладная информатика;Реинжиниринг бизнес-процессов;Информатика и ИКТ;Очная;Магистр;Полное возмещение затрат;Общие места;Факультет экономики и управления;5;0
ПИ(КИС)_очн_бюдж;09.03.03. Прикладная информатика;Корпоративные информационные системы;Информатика и ИКТ;Очная;Академический бакалавр;Бюджетная основа;Общие места;Факультет экономики и управления;12;12
ПИ(КИС)_очн_льгот;09.03.03. Прикладная информатика;Корпоративные информационные системы;Информатика и ИКТ;Очная;Академический бакалавр;Бюджетная основа;Общие места;Факультет экономики и управления;2;2
ПИ(КИС)_очн_плат;09.03.03. Прикладная информатика;Корпоративные информационные системы;Информатика и ИКТ;Очная;Академический бакалавр;Полное возмещение затрат;Общие места;Факультет экономики и управления;6;0
ПИ(ЦЭ)_очн_бюдж;09.03.03. Прикладная информатика;Цифровая экономика;Информатика и ИКТ;Очная;Академический бакалавр;Бюджетная основа;Общие места;Факультет экономики и управления;12;12
ПИ(ЦЭ)_очн_льгот;09.03.03. Прикладная информатика;Цифровая экономика;Информатика и ИКТ;Очная;Академический бакалавр;Бюджетная основа;Общие места;Факультет экономики и управления;2;2
ПИ(ЦЭ)_очн_плат;09.03.03. Прикладная информатика;Цифровая экономика;Информатика и ИКТ;Очная;Академический бакалавр;Полное возмещение затрат;Общие места;Факультет экономики и управления;6;0
ПМ мг заочн платн;15.04.03. Прикладная механика;Динамика и прочность машин, приборов и аппаратуры;Физика;Заочная;Магистр;Полное возмещение затрат;Общие места;Учебно-научный институт транспорта;5;0
ПМ(БМ)_очн_бюдж;15.03.03. Прикладная механика;Надежность и безопасность машин;Физика;Очная;Академический бакалавр;Бюджетная основа;Общие места;Учебно-научный институт транспорта;11;11
ПМ(БМ)_очн_льгот;15.03.03. Прикладная механика;Надежность и безопасность машин;Физика;Очная;Академический бакалавр;Бюджетная основа;Общие места;Учебно-научный институт транспорта;0;0
ПМ(БМ)_очн_плат;15.03.03. Прикладная механика;Надежность и безопасность машин;Физика;Очная;Академический бакалавр;Полное возмещение затрат;Общие места;Учебно-научный институт транспорта;4;0
ПМ(ДПМ) мг очн бюдж;15.04.03. Прикладная механика;Динамика и прочность машин, приборов и аппаратуры;Физика;Очная;Магистр;Бюджетная основа;Общие места;Учебно-научный институт транспорта;3;3
ПМ(ДПМ) мг очн плат;15.04.03. Прикладная механика;Динамика и прочность машин, приборов и аппаратуры;Физика;Очная;Магистр;Полное возмещение затрат;Общие места;Учебно-научный институт транспорта;4;0
ПМ(ДПМ)_очн_бюдж;15.03.03. Прикладная механика;Динамика и прочность машин, приборов и аппаратуры;Физика;Очная;Академический бакалавр;Бюджетная основа;Общие места;Учебно-научный институт транспорта;14;14
ПМ(ДПМ)_очн_льгот;15.03.03. Прикладная механика;Динамика и прочность машин, приборов и аппаратуры;Физика;Очная;Академический бакалавр;Бюджетная основа;Общие места;Учебно-научный институт транспорта;0;0
ПМ(ДПМ)_очн_плат;15.03.03. Прикладная механика;Динамика и прочность машин, приборов и аппаратуры;Физика;Очная;Академический бакалавр;Полное возмещение затрат;Общие места;Учебно-научный институт транспорта;1;0
ПМ(НБМ) мг очн бюдж;15.04.03. Прикладная механика;Надежность и безопасность машин;Физика;Очная;Магистр;Бюджетная основа;Общие места;Учебно-научный институт транспорта;3;3
ПМ(НБМ) мг очн плат;15.04.03. Прикладная механика;Надежность и безопасность машин;Физика;Очная;Магистр;Полное возмещение затрат;Общие места;Учебно-научный институт транспорта;2;0
ПРИ мг очн бюдж;09.04.04. Программная инженерия;Проектирование программно-информационных систем;Информатика и ИКТ;Очная;Магистр;Бюджетная основа;Общие места;Факультет информационных технологий;10;10
ПРИ мг очн платн;09.04.04. Программная инженерия;Проектирование программно-информационных систем;Информатика и ИКТ;Очная;Магистр;Полное возмещение затрат;Общие места;Факультет информационных технологий;5;0
ПРИ_очн_бюдж;09.03.04. Программная инженерия;Разработка программно-информационных систем;Информатика и ИКТ;Очная;Академический бакалавр;Бюджетная основа;Общие места;Факультет информационных технологий;18;18
ПРИ_очн_льгот;09.03.04. Программная инженерия;Разработка программно-информационных систем;Информатика и ИКТ;Очная;Академический бакалавр;Бюджетная основа;Общие места;Факультет информационных технологий;3;3
ПРИ_очн_плат;09.03.04. Программная инженерия;Разработка программно-информационных систем;Информатика и ИКТ;Очная;Академический бакалавр;Полное возмещение затрат;Общие места;Факультет информационных технологий;8;0
ПРИ_очн_целевое;09.03.04. Программная инженерия;Разработка программно-информационных систем;Информатика и ИКТ;Очная;Академический бакалавр;Целевой прием;Целевые места;Факультет информационных технологий;1;1
ПРО(ГД)_очн_бюдж;44.03.04. Профессиональное обучение (по отраслям);Графический дизайн;Обществознание;Очная;Академический бакалавр;Бюджетная основа;Общие места;Факультет информационных технологий;15;0
ПРО(ГД)_очн_льгот;44.03.04. Профессиональное обучение (по отраслям);Графический дизайн;Обществознание;Очная;Академический бакалавр;Бюджетная основа;Общие места;Факультет информационных технологий;0;0
ПРО(ГД)_очн_плат;44.03.04. Профессиональное обучение (по отраслям);Графический дизайн;Обществознание;Очная;Академический бакалавр;Полное возмещение затрат;Общие места;Факультет информационных технологий;15;0
ПРО(ИВТ)_заочн_плат;44.03.04. Профессиональное обучение (по отраслям);Информатика, вычислительная техника, компьютерные технологии;Информатика и ИКТ;Заочная;Академический бакалавр;Полное возмещение затрат;Общие места;Факультет информационных технологий;15;0
ПРО(ЭК)_заочн_плат;44.03.04. Профессиональное обучение (по отраслям);Экономическая психология в бизнесе и управлении;Обществознание;Заочная;Академический бакалавр;Полное возмещение затрат;Общие места;Факультет информационных технологий;10;0
ПСЖД(В)_очн_плат;23.05.03. Подвижной состав железных дорог;Вагоны;Физика;Очная;Специалист;Полное возмещение затрат;Общие места;Учебно-научный институт транспорта;10;0
ПСЖД(Л)_очн_плат;23.05.03. Подвижной состав железных дорог;Локомотивы;Физика;Очная;Специалист;Полное возмещение затрат;Общие места;Учебно-научный институт транспорта;10;0
ПСЖД_заочн_плат;23.05.03. Подвижной состав железных дорог;Технология производства и ремонта подвижного состава;Физика;Заочная;Специалист;Полное возмещение затрат;Общие места;Учебно-научный институт транспорта;50;0
ПТМК_заочн_плат;15.05.01. Проектирование технологических машин и комплексов;Проектирование технологических комплексов механосборочных производств;Физика;Заочная;Специалист;Полное возмещение затрат;Общие места;Учебно-научный технологический институт;20;0
ПТМК_очн_бюдж;15.05.01. Проектирование технологических машин и комплексов;Проектирование механообрабатывающих и инструментальных комплексов в машиностроении;Физика;Очная;Специалист;Бюджетная основа;Общие места;Учебно-научный технологический институт;10;10
ПТМК_очн_льгот;15.05.01. Проектирование технологических машин и комплексов;Проектирование механообрабатывающих и инструментальных комплексов в машиностроении;Физика;Очная;Специалист;Бюджетная основа;Общие места;Учебно-научный технологический институт;0;0
ПТМК_очн_плат;15.05.01. Проектирование технологических машин и комплексов;Проектирование механообрабатывающих и инструментальных комплексов в машиностроении;Физика;Очная;Специалист;Полное возмещение затрат;Общие места;Учебно-научный технологический институт;5;0
РАД_очн_бюдж;11.03.01. Радиотехника;Радиотехника;Физика;Очная;Академический бакалавр;Бюджетная основа;Общие места;Факультет энергетики и электроники;4;4
РАД_очн_льгот;11.03.01. Радиотехника;Радиотехника;Физика;Очная;Академический бакалавр;Бюджетная основа;Общие места;Факультет энергетики и электроники;1;1
РАД_очн_плат;11.03.01. Радиотехника;Радиотехника;Физика;Очная;Академический бакалавр;Полное возмещение затрат;Общие места;Факультет энергетики и электроники;6;0
РАД_очн_целевое;11.03.01. Радиотехника;Радиотехника;Физика;Очная;Академический бакалавр;Целевой прием;Целевые места;Факультет энергетики и электроники;4;4
СиМ мг заочн платн;27.04.01. Стандартизация и метрология;Стандартизация и метрологическое обеспечение производства;Физика;Заочная;Магистр;Полное возмещение затрат;Общие места;Механико-технологический факультет;5;0
СиМ мг очн бюдж;27.04.01. Стандартизация и метрология;Стандартизация и метрологическое обеспечение производства;Физика;Очная;Магистр;Бюджетная основа;Общие места;Механико-технологический факультет;11;11
СиМ мг очн платн;27.04.01. Стандартизация и метрология;Стандартизация и метрологическое обеспечение производства;Физика;Очная;Магистр;Полное возмещение затрат;Общие места;Механико-технологический факультет;4;0
СиМ_заочн_плат;27.03.01. Стандартизация и метрология;Стандартизация и метрологическое обеспечение производства;Физика;Заочная;Академический бакалавр;Полное возмещение затрат;Общие места;Механико-технологический факультет;5;0
СиМ_очн_бюдж;27.03.01. Стандартизация и метрология;Стандартизация и метрологическое обеспечение производства;Физика;Очная;Академический бакалавр;Бюджетная основа;Общие места;Механико-технологический факультет;9;9
СиМ_очн_льгот;27.03.01. Стандартизация и метрология;Стандартизация и метрологическое обеспечение производства;Физика;Очная;Академический бакалавр;Бюджетная основа;Общие места;Механико-технологический факультет;0;0
СиМ_очн_плат;27.03.01. Стандартизация и метрология;Стандартизация и метрологическое обеспечение производства;Физика;Очная;Академический бакалавр;Полное возмещение затрат;Общие места;Механико-технологический факультет;6;0
СЦ_заочн_плат;39.03.01. Социология;Социология управления;Обществознание;Заочная;Академический бакалавр;Полное возмещение затрат;Общие места;Факультет экономики и управления;20;0
СЦ_очн_плат;39.03.01. Социология;Социология управления;Обществознание;Очная;Академический бакалавр;Полное возмещение затрат;Общие места;Факультет экономики и управления;15;0
ТБ мг веч платн;20.04.01. Техносферная безопасность;Безопасность технологических процессов и производств;Физика;Очно-заочная;Магистр;Полное возмещение затрат;Общие места;Механико-технологический факультет;5;0
ТБ(БТПиП)_заочн_плат;20.03.01. Техносферная безопасность;Безопасность технологических процессов и производств;Физика;Заочная;Академический бакалавр;Полное возмещение затрат;Общие места;Механико-технологический факультет;10;0
ТБ(БТПиП)_очн_бюдж;20.03.01. Техносферная безопасность;Безопасность технологических процессов и производств;Физика;Очная;Академический бакалавр;Бюджетная основа;Общие места;Механико-технологический факультет;19;19
ТБ(БТПиП)_очн_льгот;20.03.01. Техносферная безопасность;Безопасность технологических процессов и производств;Физика;Очная;Академический бакалавр;Бюджетная основа;Общие места;Механико-технологический факультет;1;1
ТБ(БТПиП)_очн_плат;20.03.01. Техносферная безопасность;Безопасность технологических процессов и производств;Физика;Очная;Академический бакалавр;Полное возмещение затрат;Общие места;Механико-технологический факультет;5;0
ТД_заочн_плат;38.03.06. Торговое дело;Коммерция;Обществознание;Заочная;Академический бакалавр;Полное возмещение затрат;Общие места;Факультет экономики и управления;10;0
ТД_очн_плат;38.03.06. Торговое дело;Коммерция;Обществознание;Очная;Академический бакалавр;Полное возмещение затрат;Общие места;Факультет экономики и управления;15;0
ТиТ мг заоч плат;13.04.01. Теплоэнергетика и теплотехника;Системы газоснабжения и газораспределения;Физика;Заочная;Магистр;Полное возмещение затрат;Общие места;Факультет энергетики и электроники;10;0
ТиТ мг очн бюдж;13.04.01. Теплоэнергетика и теплотехника;Промышленная теплоэнергетика;Физика;Очная;Магистр;Бюджетная основа;Общие места;Факультет энергетики и электроники;8;8
ТиТ мг очн платн;13.04.01. Теплоэнергетика и теплотехника;Промышленная теплоэнергетика;Физика;Очная;Магистр;Полное возмещение затрат;Общие места;Факультет энергетики и электроники;7;0
ТиТ(ИСК)_заочн_плат;13.03.01. Теплоэнергетика и теплотехника;Инженерные сети и коммуникации населенных пунктов;Физика;Заочная;Академический бакалавр;Полное возмещение затрат;Общие места;Факультет энергетики и электроники;15;0
ТиТ_очн_бюдж;13.03.01. Теплоэнергетика и теплотехника;Промышленная теплоэнергетика;Физика;Очная;Академический бакалавр;Бюджетная основа;Общие места;Факультет энергетики и электроники;20;20
ТиТ_очн_льгот;13.03.01. Теплоэнергетика и теплотехника;Промышленная теплоэнергетика;Физика;Очная;Академический бакалавр;Бюджетная основа;Общие места;Факультет энергетики и электроники;0;0
ТиТ_очн_плат;13.03.01. Теплоэнергетика и теплотехника;Промышленная теплоэнергетика;Физика;Очная;Академический бакалавр;Полное возмещение затрат;Общие места;Факультет энергетики и электроники;5;0
ТМО мг веч плат;15.04.02. Технологические машины и оборудование;Инженерия и реновация машин;Физика;Очно-заочная;Магистр;Полное возмещение затрат;Общие места;Механико-технологический факультет;5;0
ТМО мг очн бюдж;15.04.02. Технологические машины и оборудование;Технологическое оборудование и инструментальная техника;Физика;Очная;Магистр;Бюджетная основа;Общие места;Учебно-научный технологический институт;8;8
ТМО мг очн плат;15.04.02. Технологические машины и оборудование;Технологическое оборудование и инструментальная техника;Физика;Очная;Магистр;Полное возмещение затрат;Общие места;Учебно-научный технологический институт;2;0
ТМО(ОИиПМ)_заочн_бюдж;15.03.02. Технологические машины и оборудование;Оборудование, инструмент и процессы механической и физико-технической обработки;Физика;Заочная;Академический бакалавр;Бюджетная основа;Общие места;Учебно-научный технологический институт;18;0
ТМО(ОИиПМ)_заочн_льгот;15.03.02. Технологические машины и оборудование;Оборудование, инструмент и процессы механической и физико-технической обработки;Физика;Заочная;Академический бакалавр;Бюджетная основа;Общие места;Учебно-научный технологический институт;2;0
ТМО(ОИиПМ)_заочн_плат;15.03.02. Технологические машины и оборудование;Оборудование, инструмент и процессы механической и физико-технической обработки;Физика;Заочная;Академический бакалавр;Полное возмещение затрат;Общие места;Учебно-научный технологический институт;10;0
ТМО_очн_бюдж;15.03.02. Технологические машины и оборудование;Оборудование, инструмент и процессы механической и физико-технической обработки;Физика;Очная;Академический бакалавр;Бюджетная основа;Общие места;Учебно-научный технологический институт;21;21
ТМО_очн_льгот;15.03.02. Технологические машины и оборудование;Оборудование, инструмент и процессы механической и физико-технической обработки;Физика;Очная;Академический бакалавр;Бюджетная основа;Общие места;Учебно-научный технологический институт;0;0
ТМО_очн_плат;15.03.02. Технологические машины и оборудование;Оборудование, инструмент и процессы механической и физико-технической обработки;Физика;Очная;Академический бакалавр;Полное возмещение затрат;Общие места;Учебно-научный технологический институт;5;0
ТМО_очн_целевое;15.03.02. Технологические машины и оборудование;Оборудование, инструмент и процессы механической и физико-технической обработки;Физика;Очная;Академический бакалавр;Целевой прием;Целевые места;Учебно-научный технологический институт;0;0
ТТП мг заочн платн;23.04.01. Технология транспортных процессов;Организация перевозок и безопасность на автомобильном транспорте;Физика;Заочная;Магистр;Полное возмещение затрат;Общие места;Учебно-научный институт транспорта;10;0
ТТП мг очн платн;23.04.01. Технология транспортных процессов;Организация перевозок и безопасность на автомобильном транспорте;Физика;Очная;Магистр;Полное возмещение затрат;Общие места;Учебно-научный институт транспорта;5;0
ТТП_заочн_бюдж;23.03.01. Технология транспортных процессов;Организация и безопасность движения;Физика;Заочная;Академический бакалавр;Бюджетная основа;Общие места;Учебно-научный институт транспорта;21;0
ТТП_заочн_льгот;23.03.01. Технология транспортных процессов;Организация и безопасность движения;Физика;Заочная;Академический бакалавр;Бюджетная основа;Общие места;Учебно-научный институт транспорта;3;0
ТТП_заочн_плат;23.03.01. Технология транспортных процессов;Организация и безопасность движения;Физика;Заочная;Академический бакалавр;Полное возмещение затрат;Общие места;Учебно-научный институт транспорта;10;0
ТТП_очн_бюдж;23.03.01. Технология транспортных процессов;Организация и безопасность движения;Физика;Очная;Академический бакалавр;Бюджетная основа;Общие места;Учебно-научный институт транспорта;20;20
ТТП_очн_льгот;23.03.01. Технология транспортных процессов;Организация и безопасность движения;Физика;Очная;Академический бакалавр;Бюджетная основа;Общие места;Учебно-научный институт транспорта;0;0
ТТП_очн_плат;23.03.01. Технология транспортных процессов;Организация и безопасность движения;Физика;Очная;Академический бакалавр;Полное возмещение затрат;Общие места;Учебно-научный институт транспорта;5;0
УК мг заочн платн;27.04.02. Управление качеством;Управление качеством в производственно-технологических системах;Физика;Заочная;Магистр;Полное возмещение затрат;Общие места;Механико-технологический факультет;5;0
УК мг очн бюдж;27.04.02. Управление качеством;Управление качеством в производственно-технологических системах;Физика;Очная;Магистр;Бюджетная основа;Общие места;Механико-технологический факультет;11;11
УК мг очн платн;27.04.02. Управление качеством;Управление качеством в производственно-технологических системах;Физика;Очная;Магистр;Полное возмещение затрат;Общие места;Механико-технологический факультет;4;0
УК_заочн_плат;27.03.02. Управление качеством;Управление качеством в производственно-технологических системах;Физика;Заочная;Академический бакалавр;Полное возмещение затрат;Общие места;Механико-технологический факультет;5;0
УК_очн_бюдж;27.03.02. Управление качеством;Управление качеством в производственно-технологических системах;Физика;Очная;Прикладной бакалавр;Бюджетная основа;Общие места;Механико-технологический факультет;9;9
УК_очн_льгот;27.03.02. Управление качеством;Управление качеством в производственно-технологических системах;Физика;Очная;Прикладной бакалавр;Бюджетная основа;Общие места;Механико-технологический факультет;0;0
УК_очн_плат;27.03.02. Управление качеством;Управление качеством в производственно-технологических системах;Физика;Очная;Прикладной бакалавр;Полное возмещение затрат;Общие места;Механико-технологический факультет;6;0
УТС_очн_бюдж;27.03.04. Управление в технических системах;Управление и информатика в технических системах;Физика;Очная;Академический бакалавр;Бюджетная основа;Общие места;Учебно-научный технологический институт;7;7
УТС_очн_льгот;27.03.04. Управление в технических системах;Управление и информатика в технических системах;Физика;Очная;Академический бакалавр;Бюджетная основа;Общие места;Учебно-научный технологический институт;0;0
УТС_очн_плат;27.03.04. Управление в технических системах;Управление и информатика в технических системах;Физика;Очная;Академический бакалавр;Полное возмещение затрат;Общие места;Учебно-научный технологический институт;7;0
УТС_очн_целевое;27.03.04. Управление в технических системах;Управление и информатика в технических системах;Физика;Очная;Академический бакалавр;Целевой прием;Целевые места;Учебно-научный технологический институт;1;1
ЭБ_заоч_плат;38.05.01. Экономическая безопасность;Экономико-правовое обеспечение экономической безопасности;Обществознание;Заочная;Специалист;Полное возмещение затрат;Общие места;Факультет экономики и управления;30;0
ЭБ_очн_плат;38.05.01. Экономическая безопасность;Экономико-правовое обеспечение экономической безопасности;Обществознание;Очная;Специалист;Полное возмещение затрат;Общие места;Факультет экономики и управления;40;0
ЭиН мг очн бюдж;11.04.04. Электроника и наноэлектроника;Промышленная электроника;Физика;Очная;Магистр;Бюджетная основа;Общие места;Факультет энергетики и электроники;8;8
ЭиН мг очн платн;11.04.04. Электроника и наноэлектроника;Промышленная электроника;Физика;Очная;Магистр;Полное возмещение затрат;Общие места;Факультет энергетики и электроники;7;0
ЭиН(МТЭ)_очн_бюдж;11.03.04. Электроника и наноэлектроника;Микроэлектроника и твердотельная электроника;Физика;Очная;Академический бакалавр;Бюджетная основа;Общие места;Факультет энергетики и электроники;10;10
ЭиН(МТЭ)_очн_льгот;11.03.04. Электроника и наноэлектроника;Микроэлектроника и твердотельная электроника;Физика;Очная;Академический бакалавр;Бюджетная основа;Общие места;Факультет энергетики и электроники;0;0
ЭиН(МТЭ)_очн_плат;11.03.04. Электроника и наноэлектроника;Микроэлектроника и твердотельная электроника;Физика;Очная;Академический бакалавр;Полное возмещение затрат;Общие места;Факультет энергетики и электроники;5;0
ЭиН(ПЭ)_очн_бюдж;11.03.04. Электроника и наноэлектроника;Промышленная электроника;Физика;Очная;Академический бакалавр;Бюджетная основа;Общие места;Факультет энергетики и электроники;9;9
ЭиН(ПЭ)_очн_льгот;11.03.04. Электроника и наноэлектроника;Промышленная электроника;Физика;Очная;Академический бакалавр;Бюджетная основа;Общие места;Факультет энергетики и электроники;1;1
ЭиН(ПЭ)_очн_плат;11.03.04. Электроника и наноэлектроника;Промышленная электроника;Физика;Очная;Академический бакалавр;Полное возмещение затрат;Общие места;Факультет энергетики и электроники;5;0
ЭиЭ мг очн бюдж;13.04.02. Электроэнергетика и электротехника;Электрический привод и автоматика механизмов и технологических комплексов;Физика;Очная;Магистр;Бюджетная основа;Общие места;Факультет энергетики и электроники;8;8
ЭиЭ мг очн платн;13.04.02. Электроэнергетика и электротехника;Электрический привод и автоматика механизмов и технологических комплексов;Физика;Очная;Магистр;Полное возмещение затрат;Общие места;Факультет энергетики и электроники;7;0
ЭиЭ_заочн_плат;13.03.02. Электроэнергетика и электротехника;Электрооборудование и электрохозяйство предприятий, организаций и учреждений;Физика;Заочная;Академический бакалавр;Полное возмещение затрат;Общие места;Факультет энергетики и электроники;20;0
ЭиЭ_очн_бюдж;13.03.02. Электроэнергетика и электротехника;Электропривод и автоматика;Физика;Очная;Академический бакалавр;Бюджетная основа;Общие места;Факультет энергетики и электроники;15;15
ЭиЭ_очн_льгот;13.03.02. Электроэнергетика и электротехника;Электропривод и автоматика;Физика;Очная;Академический бакалавр;Бюджетная основа;Общие места;Факультет энергетики и электроники;0;0
ЭиЭ_очн_плат;13.03.02. Электроэнергетика и электротехника;Электропривод и автоматика;Физика;Очная;Академический бакалавр;Полное возмещение затрат;Общие места;Факультет энергетики и электроники;9;0
ЭиЭ_очн_целевое;13.03.02. Электроэнергетика и электротехника;Электропривод и автоматика;Физика;Очная;Академический бакалавр;Целевой прием;Целевые места;Факультет энергетики и электроники;1;1
ЭК мг веч платн;38.04.01. Экономика;Экономика предприятий и организаций;Обществознание;Очно-заочная;Магистр;Полное возмещение затрат;Общие места;Факультет экономики и управления;15;0
ЭК мг очн платн;38.04.01. Экономика;Экономика предприятий и организаций;Обществознание;Очная;Магистр;Полное возмещение затрат;Общие места;Факультет экономики и управления;10;0
ЭК(БУА)_заоч_плат;38.03.01. Экономика;Бухгалтерский учёт, анализ и аудит;Обществознание;Заочная;Академический бакалавр;Полное возмещение затрат;Общие места;Факультет экономики и управления;60;0
ЭК(БУА)_очн_плат;38.03.01. Экономика;Бухгалтерский учёт, анализ и аудит;Обществознание;Очная;Академический бакалавр;Полное возмещение затрат;Общие места;Факультет экономики и управления;20;0
ЭК(ЛОГ)_очн_плат;38.03.01. Экономика;Логистика и управление цепями поставок;Обществознание;Очная;Академический бакалавр;Полное возмещение затрат;Общие места;Факультет экономики и управления;20;0
ЭК(ОЦ)_очн_плат;38.03.01. Экономика;Оценка стоимости имущества и бизнеса;Обществознание;Очная;Академический бакалавр;Полное возмещение затрат;Общие места;Факультет экономики и управления;20;0
ЭК(Ф)_заоч_плат;38.03.01. Экономика;Финансы;Обществознание;Заочная;Академический бакалавр;Полное возмещение затрат;Общие места;Факультет экономики и управления;50;0
ЭК(Ф)_очн_плат;38.03.01. Экономика;Финансы;Обществознание;Очная;Академический бакалавр;Полное возмещение затрат;Общие места;Факультет экономики и управления;20;0
ЭК(ЭПО)_очн_плат;38.03.01. Экономика;Экономика предприятий и организаций;Обществознание;Очная;Академический бакалавр;Полное возмещение затрат;Общие места;Факультет экономики и управления;20;0
ЭМ(ДВС) мг очн бюдж;13.04.03. Энергетическое машиностроение;Двигатели внутреннего сгорания;Физика;Очная;Магистр;Бюджетная основа;Общие места;Факультет энергетики и электроники;6;6
ЭМ(ДВС) мг очн платн;13.04.03. Энергетическое машиностроение;Двигатели внутреннего сгорания;Физика;Очная;Магистр;Полное возмещение затрат;Общие места;Факультет энергетики и электроники;6;0
ЭМ(ДВС)_заочн_бюдж;13.03.03. Энергетическое машиностроение;Двигатели внутреннего сгорания;Физика;Заочная;Академический бакалавр;Бюджетная основа;Общие места;Факультет энергетики и электроники;19;0
ЭМ(ДВС)_заочн_льгот;13.03.03. Энергетическое машиностроение;Двигатели внутреннего сгорания;Физика;Заочная;Академический бакалавр;Бюджетная основа;Общие места;Факультет энергетики и электроники;1;0
ЭМ(ДВС)_заочн_плат;13.03.03. Энергетическое машиностроение;Двигатели внутреннего сгорания;Физика;Заочная;Академический бакалавр;Полное возмещение затрат;Общие места;Факультет энергетики и электроники;10;0
ЭМ(ДВС)_очн_бюдж;13.03.03. Энергетическое машиностроение;Двигатели внутреннего сгорания;Физика;Очная;Академический бакалавр;Бюджетная основа;Общие места;Факультет энергетики и электроники;24;24
ЭМ(ДВС)_очн_льгот;13.03.03. Энергетическое машиностроение;Двигатели внутреннего сгорания;Физика;Очная;Академический бакалавр;Бюджетная основа;Общие места;Факультет энергетики и электроники;1;1
ЭМ(ДВС)_очн_плат;13.03.03. Энергетическое машиностроение;Двигатели внутреннего сгорания;Физика;Очная;Академический бакалавр;Полное возмещение затрат;Общие места;Факультет энергетики и электроники;5;0
ЭМ(Т) мг очн бюдж;13.04.03. Энергетическое машиностроение;Паро- и газотурбинные установки и двигатели;Физика;Очная;Магистр;Бюджетная основа;Общие места;Факультет энергетики и электроники;8;8
ЭМ(Т) мг очн платн;13.04.03. Энергетическое машиностроение;Паро- и газотурбинные установки и двигатели;Физика;Очная;Магистр;Полное возмещение затрат;Общие места;Факультет энергетики и электроники;5;0
ЭМ(Т)_очн_бюдж;13.03.03. Энергетическое машиностроение;Паро- и газотурбинные установки и двигатели;Физика;Очная;Академический бакалавр;Бюджетная основа;Общие места;Факультет энергетики и электроники;26;26
ЭМ(Т)_очн_льгот;13.03.03. Энергетическое машиностроение;Паро- и газотурбинные установки и двигатели;Физика;Очная;Академический бакалавр;Бюджетная основа;Общие места;Факультет энергетики и электроники;0;0
ЭМ(Т)_очн_плат;13.03.03. Энергетическое машиностроение;Паро- и газотурбинные установки и двигатели;Физика;Очная;Академический бакалавр;Полное возмещение затрат;Общие места;Факультет энергетики и электроники;3;0
ЭМ(Т)_очн_целевое;13.03.03. Энергетическое машиностроение;Паро- и газотурбинные установки и двигатели;Физика;Очная;Академический бакалавр;Целевой прием;Общие места;Факультет энергетики и электроники;1;1
ЭМ(ЭМКС)_заочн_плат;13.03.03. Энергетическое машиностроение;Энергетические машины компрессорных станций;Физика;Заочная;Академический бакалавр;Полное возмещение затрат;Общие места;Факультет энергетики и электроники;10;0
ЭТТК(АиАХ)_очн_бюдж;23.03.03. Эксплуатация транспортно-технологических машин и комплексов;Автомобили и автомобильное хозяйство;Физика;Очная;Академический бакалавр;Бюджетная основа;Общие места;Учебно-научный институт транспорта;18;18
ЭТТК(АиАХ)_очн_льгот;23.03.03. Эксплуатация транспортно-технологических машин и комплексов;Автомобили и автомобильное хозяйство;Физика;Очная;Академический бакалавр;Бюджетная основа;Общие места;Учебно-научный институт транспорта;0;0
ЭТТК(АиАХ)_очн_плат;23.03.03. Эксплуатация транспортно-технологических машин и комплексов;Автомобили и автомобильное хозяйство;Физика;Очная;Академический бакалавр;Полное возмещение затрат;Общие места;Учебно-научный институт транспорта;3;0
ЭТТК(АиАХ)_очн_целевое;23.03.03. Эксплуатация транспортно-технологических машин и комплексов;Автомобили и автомобильное хозяйство;Физика;Очная;Академический бакалавр;Целевой прием;Общие места;Учебно-научный институт транспорта;2;2
ЭТТК(ПСЖД)_очн_бюдж;23.03.03. Эксплуатация транспортно-технологических машин и комплексов;Подвижной состав железных дорог;Физика;Очная;Академический бакалавр;Бюджетная основа;Общие места;Учебно-научный институт транспорта;14;14
ЭТТК(ПСЖД)_очн_льгот;23.03.03. Эксплуатация транспортно-технологических машин и комплексов;Подвижной состав железных дорог;Физика;Очная;Академический бакалавр;Бюджетная основа;Общие места;Учебно-научный институт транспорта;0;0
ЭТТК(ПСЖД)_очн_плат;23.03.03. Эксплуатация транспортно-технологических машин и комплексов;Подвижной состав железных дорог;Физика;Очная;Академический бакалавр;Полное возмещение затрат;Общие места;Учебно-научный институт транспорта;3;0
ИиВТ(УСиЭС) асп заочн;09.06.01 Информатика и вычислительная техника;Управление в социальных и экономических системах;Спецдисциплина;Заочная;Исследователь. Преподаватель-исследователь.;Полное возмещение затрат;Общие места;Отдел аспирантуры и докторантуры;8;0
ИиВТ(МатМод) асп очн;09.06.01 Информатика и вычислительная техника;Математическое моделирование, численные методы и комплексы;Спецдисциплина;Очная;Исследователь. Преподаватель-исследователь.;Полное возмещение затрат;Общие места;Отдел аспирантуры и докторантуры;2;0
ИиВТ(УСиЭС) асп очн;09.06.01 Информатика и вычислительная техника;Управление в социальных и экономических системах;Спецдисциплина;Очная;Исследователь. Преподаватель-исследователь.;Полное возмещение затрат;Общие места;Отдел аспирантуры и докторантуры;2;0
ИБ асп очн;10.06.01 Информационная безопасность;Методы и системы защиты информации, информационная безопасность;Спецдисциплина;Очная;Исследователь. Преподаватель-исследователь.;Полное возмещение затрат;Общие места;Отдел аспирантуры и докторантуры;1;0
ЭиТ(Турб) асп очн;13.06.01 Электро- и теплотехника;Турбомашины и комбинированные турбоустановки;Спецдисциплина;Очная;Исследователь. Преподаватель-исследователь.;Полное возмещение затрат;Общие места;Отдел аспирантуры и докторантуры;6;0
ЭиТ(ЭКиС) асп заочн;13.06.01 Электро- и теплотехника;Электротехнические комплексы и системы;Спецдисциплина;Заочная;Исследователь. Преподаватель-исследователь.;Полное возмещение затрат;Общие места;Отдел аспирантуры и докторантуры;4;0
ТМ(Мат) асп очн;22.06.01 Технологии материалов;Материаловедение (машиностроение);Спецдисциплина;Очная;Исследователь. Преподаватель-исследователь.;Полное возмещение затрат;Общие места;Отдел аспирантуры и докторантуры;4;0
ЭК(ЭУП) асп заочн;38.06.01 Экономика;Экономика и управление народным хозяйством (по отраслям и видам деятельности);Спецдисциплина;Заочная;Исследователь. Преподаватель-исследователь.;Полное возмещение затрат;Общие места;Отдел аспирантуры и докторантуры;13;0
ТБ асп заочн;20.06.01 Техносферная безопасность;Охрана труда (в машиностроении);Спецдисциплина;Заочная;Исследователь. Преподаватель-исследователь.;Полное возмещение затрат;Общие места;Отдел аспирантуры и докторантуры;2;0
МАШ(СиУК) асп заочн;15.06.01 Машиностроение;Стандартизация и управление качеством продукции;Спецдисциплина;Заочная;Исследователь. Преподаватель-исследователь.;Полное возмещение затрат;Общие места;Отдел аспирантуры и докторантуры;2;0
МАШ(ДСиПТМ) асп заочн;15.06.01 Машиностроение;Дорожные, строительные и подъемно-транспортные машины;Спецдисциплина;Заочная;Исследователь. Преподаватель-исследователь.;Полное возмещение затрат;Общие места;Отдел аспирантуры и докторантуры;2;0
МАШ(ТМ) асп очн;15.06.01 Машиностроение;Технология машиностроения;Спецдисциплина;Очная;Исследователь. Преподаватель-исследователь.;Полное возмещение затрат;Общие места;Отдел аспирантуры и докторантуры;10;0
ФЭиР асп очн;47.06.01 Философия, этика и религиоведение;Социальная философия;Спецдисциплина;Очная;Исследователь. Преподаватель-исследователь.;Полное возмещение затрат;Общие места;Отдел аспирантуры и докторантуры;3;0
ТиТ(ПСЖД) асп заочн;23.06.01 Техника и технологии наземного транспорта;Подвижной состав железных дорог, тяга поездов и электрификация;Спецдисциплина;Заочная;Исследователь. Преподаватель-исследователь.;Полное возмещение затрат;Общие места;Отдел аспирантуры и докторантуры;2;0
ТиТ(ПСЖД) асп очн;23.06.01 Техника и технологии наземного транспорта;Подвижной состав железных дорог, тяга поездов и электрификация;Спецдисциплина;Очная;Исследователь. Преподаватель-исследователь.;Полное возмещение затрат;Общие места;Отдел аспирантуры и докторантуры;2;0
